1,"The Big Lebowksi",http://localhost/tbl.png
2,"The Music Man",http://localhost/tmm.png
3,"Back To The Future",http://localhost/bttf.png
4,"Back To The Future, Part II",http://localhost/bttf2.png
5,"Back To The Future, Part III",http://localhost/bttf3.png
6,"Home Alone",http://localhost/halone.png
7,"Home Alone 2",http://localhost/halone2.png
8,"Elf",http://localhost/elf.png
9,"Iron Sky",http://localhost/ironsky.png
10,"Troop Zero",http://localhost/troopzero.png
11,"Toy Story",http://localhost/toys.png
12,"Toy Story 2",http://localhost/toys2.png
13,"It's A Wonderful Life",http://localhost/iawl.png
